"id","service_id","contact_name","email","document","message"
"1",NULL,"ammar","a@a.com",,"test"
"2",NULL,"ammar","am@am.com",,"test"
"3",NULL,"ammar","am@am.com","uploads/game.jfif","test"
"4","2","ammar","am@am.com","/","test"
"5","2","ammar","am@am.com","/","test"
"6","2","ammar","am@am.com","uploads/","test"
"7","2","ammar","am@am.com","uploads/","test"
"8","1","ammar","am@am.com","uploads/","test"
"9","2","ammar","am@am.com",,"test"
"10","2","ammar","am@am.com",,"test"
"id","name","description","price","image"
"1","iPhone","first Smart phone","5000.00","uploads/products/car.png"
"id","name","desciption","price"
"1","Programming","PHP MySQL ","100.00"
"2","JS","JS","100.00"
